"ingredient_id","name","portion","quantity","unit"
"5af2be24ae08b5194415a1c9",Baharat,cc,5.0,g
"5c8bcd9ce3f3397358648c95",Beurre,cc,5.0,g
"63e5122181b4b295e66f0258",Beurre,cc,5.0,g
"5c8bcda5e3f33973013052b2",Cannelle en poudre,cc,5.0,g
"6405bf6aaf4af6d531d50b9c",Cannelle en poudre,cc,5.0,g
"5fbe2dd103cb4c62ac01428c",Cassonade,cc,5.0,g
"63e5122dbc1d64f7b96e270c",Cassonade,cc,5.0,g
"5af2c14fae08b51b804e58b6",Citronnelle moulue,cc,5.0,g
"5c8bcdace3f339730507bc43",Coriandre moulue,cc,5.0,g
"5c8bcda2e3f339735c318342",Cumin en poudre,cc,5.0,g
"5c950d77c445fa28926e8833",Curcuma en poudre,cc,5.0,g
"6405bf8bb9d07cd5d38d7b0d",Curcuma en poudre,cc,5.0,g
"5af2c14aae08b51b804e58ab",Curry en poudre,cc,5.0,g
"5d2c50039de58100111e3d87",Épices italiennes,cc,5.0,g
"5c8bcda9e3f339735561c2c4",Épices mexicaines,cc,5.0,g
"5af2be60ae08b5194415a2a0",Farine,cc,5.0,g
"5c8bcda0e3f33973675d57e3",Flocons de chili,cc,5.0,g
"5eaa742d4d1313374d494f33",Galanga,cc,5.0,g
"5b9f8d9430006c69a4393853",Garam masala,cc,5.0,g
"5af2be15ae08b5194415a193",Gingembre frais,cc,5.0,g
"6405bf3aaf4af6d531d50acd",Gingembre frais,cc,5.0,g
"5cfa73b1d8a87100142eb5b2",Gomasio,cc,5.0,g
"5e020b099c1aaa0c191a7858",Gomasio aux herbes de Provence,cc,5.0,g
"5af2bdfbae08b5194415a12d",Graine de carvi,cc,5.0,g
"5af2be91ae08b5194415a367",Graine de moutarde jaune,cc,5.0,g
"5e417e37c48f1e689e419877",Graines de cumin moulues,cc,5.0,g
"5af2be67ae08b5194415a2bd",Graines de fenouil,cc,5.0,g
"5e304aef7022991e096f4fc9",Graines de fenouil moulues,cc,5.0,g
"5af2be40ae08b5194415a22e",Harissa,cc,5.0,g
"5af2be41ae08b5194415a234",Huile de sésame,cc,5.0,ml
"5af2be0bae08b5194415a175",Huile de tournesol,cc,5.0,ml
"63e51218bc1d64f7b96e2702",Huile de tournesol,cc,5.0,ml
"5c8bcd9be3f3397358648c92",Huile d'olive,cc,5.0,ml
"63e5122ba0a0603e5708dcc1",Huile d'olive,cc,5.0,ml
"63e51232a0a0603e5708dcc7",Huile d'olive,cc,5.0,ml
"5ca75c90e3f339258a36e9f2",Huile d'olive vierge extra,cc,5.0,ml
"5e78c9043d99834ee3629c72",Mélange d'épices du Moyen-Orient,cc,5.0,g
"5b1681b5ae08b5730d55ed62",Miel,cc,5.0,g
"63e5122fbc1d64f7b96e270d",Miel,cc,5.0,g
"5af2be5aae08b5194415a28a",Moutarde,cc,5.0,g
"63e51230a0a0603e5708dcc5",Moutarde,cc,5.0,g
"5af2be53ae08b5194415a273",Noix de muscade,cc,5.0,g
"5af2c14dae08b51b804e58b0",Origan séché,cc,5.0,g
"5c8bcda7e3f339735a76c462",Paprika en poudre,cc,5.0,g
"6405bf4db0da194777986203",Paprika en poudre,cc,5.0,g
"5c8bcdafe3f3397358648c97",Paprika fumé en poudre,cc,5.0,g
"6405c00cb0da194777986485",Paprika fumé en poudre,cc,5.0,g
"5c45992ee3f33920591fcf63",Piment de cayenne moulu,cc,5.0,g
"5cfa73afd8a8710009168b14",Piri-piri,cc,5.0,g
"6405bf28b0da194777986183",Piri-piri,cc,5.0,g
"5af2be8aae08b5194415a34d",Poivre de Cayenne,cc,5.0,g
"5b03d0b9ae08b5095315f752",Ras el-hanout,cc,5.0,g
"5d80e4027ea50740232aca7f",Romarin moulu,cc,5.0,g
"5af2bdf5ae08b5194415a113",Romarin séché,cc,5.0,g
"5d78aadf965c9800131222ab",Sauce poisson,cc,5.0,ml
"5af2bde6ae08b5194415a0d2",Sel,cc,5.0,g
"63e5121781b4b295e66f0250",Sel,cc,5.0,g
"5c8bcdace3f339730507bc42",Sucre,cc,5.0,g
"64062eb8b9d07cd5d38d7cd9",Sucre,cc,5.0,g
"6405bfd5b9d07cd5d38d7c09",Sumac,cc,5.0,g
"5af2bdf8ae08b5194415a11c",Thym séché,cc,5.0,g
"5bdc60d3ae08b57bc06363d2",Vadouvan,cc,5.0,g
"5af2be6fae08b5194415a2db",Vinaigre balsamique blanc ou de riz,cc,5.0,g
"63e5122da0a0603e5708dcc3",Vinaigre balsamique blanc ou de riz,cc,5.0,g
"5c8bcda5e3f33973013052b3",Vinaigre balsamique noir,cc,5.0,g
"63e5121c81b4b295e66f0253",Vinaigre balsamique noir,cc,5.0,g
"5c950d84c445fa289769b624",Vinaigre de vin blanc,cc,5.0,g
"63e5121abc1d64f7b96e2703",Vinaigre de vin blanc,cc,5.0,g
"5c8654f9e3f33953b40b23b3",Vinaigre de vin blanc ou de riz,cc,5.0,g
"5af2c14aae08b51b804e58ac",Vinaigre de vin rouge ou de cidre,cc,5.0,g
"63e51234bc1d64f7b96e270f",Vinaigre de vin rouge ou de cidre,cc,5.0,g
"5af2be52ae08b5194415a26d",Sauce soja,cc,5.0,ml
"5af2c157ae08b51b804e58cc",Aïoli,cs,15.0,g
"63e51223bc1d64f7b96e2707",Babeurre,cs,15.0,g
"5c8bcd9ce3f3397358648c95",Beurre,cs,15.0,g
"63e5121cbc1d64f7b96e2705",Beurre,cs,15.0,g
"5af2be1eae08b5194415a1b2",Beurre doux non salé,cs,15.0,g
"5cb44984c445fa72e10f4ba2",Câpres et dés de cornichons,cs,15.0,g
"5fbe2dd103cb4c62ac01428c",Cassonade,cs,15.0,g
"63e5120da0a0603e5708dcb9",Cassonade,cs,15.0,g
"5af2be42ae08b5194415a239",Chutney de cranberries,cs,15.0,g
"5dde798296ae8413041df142",Ciboulette,cs,15.0,g
"5c8bcda5e3f33973013052b4",Concentré de tomates,cs,15.0,g
"5af2c149ae08b51b804e58a8",Crème aigre,cs,15.0,g
"5af2bdecae08b5194415a0f0",Crème fraîche,cs,15.0,g
"5af2be29ae08b5194415a1dc",Cresson,cs,15.0,g
"5af2c14aae08b51b804e58ab",Curry en poudre,cs,15.0,g
"5c8bcda9e3f339735561c2c4",Épices mexicaines,cs,15.0,g
"5af2be60ae08b5194415a2a0",Farine,cs,15.0,g
"63e5123581b4b295e66f0261",Farine,cs,15.0,g
"5af2be0bae08b5194415a175",Huile de tournesol,cs,15.0,ml
"63e5120f81b4b295e66f024c",Huile de tournesol,cs,15.0,ml
"5c8bcd9be3f3397358648c92",Huile d'olive,cs,15.0,ml
"63e5121881b4b295e66f0251",Huile d'olive,cs,15.0,ml
"63e51230bc1d64f7b96e270e",Huile d'olive,cs,15.0,ml
"5d933d4d01649711f920ce9f",Huile d'olive du thon,cs,15.0,ml
"63e5122981b4b295e66f025c",Huile d'olive du thon,cs,15.0,ml
"5ca75c90e3f339258a36e9f2",Huile d'olive vierge extra,cs,15.0,ml
"5af2be55ae08b5194415a27a",Lait,cs,15.0,ml
"63e51222bc1d64f7b96e2706",Lait,cs,15.0,ml
"5af2be3cae08b5194415a21e",Lait battu,cs,15.0,ml
"5c950d77c445fa28926e8833",Curcuma en poudre,cm,5.0,g
"63e5122781b4b295e66f025a",L'huile d'olive de l'anchois,cs,15.0,ml
"6405bf7ab9d07cd5d38d7ad4",Curcuma frais,cm,5.0,g
"5af2c14eae08b51b804e58b3",Mayonnaise,cs,15.0,g
"5dd79e9b24881d4bc5315faf","Mélange de mâche, roquette et jeunes pousses d'épinards",cs,15.0,g
"5b1681b5ae08b5730d55ed62",Miel,cs,15.0,g
"63e51213a0a0603e5708dcbb",Miel,cs,15.0,g
"6405bfe4b9d07cd5d38d7c39",Miel de fleurs,cs,15.0,g
"5af2be5aae08b5194415a28a",Moutarde,cs,15.0,g
"63e51224bc1d64f7b96e2709",Moutarde,cs,15.0,g
"5c950d82c445fa28d02a8da2",Passata de tomates,cs,15.0,g
"5c8bcd9be3f3397358648c93",Poivre et sel,cs,15.0,g
"5b03d0b9ae08b5095315f752",Ras el-hanout,cs,15.0,g
"5e0e0d291337673263799834",Sauce vietnamienne,cs,15.0,ml
"5c8bcdace3f339730507bc42",Sucre,cs,15.0,g
"64062ea8af4af6d531d50df6",Sucre,cs,15.0,g
"5af2be6fae08b5194415a2db",Vinaigre balsamique blanc ou de riz,cs,15.0,g
"63e5122a81b4b295e66f025d",Vinaigre balsamique blanc ou de riz,cs,15.0,g
"5c8bcda5e3f33973013052b3",Vinaigre balsamique noir,cs,15.0,g
"63e5123281b4b295e66f025f",Vinaigre balsamique noir,cs,15.0,g
"5c950d84c445fa289769b624",Vinaigre de vin blanc,cs,15.0,g
"63e5123381b4b295e66f0260",Vinaigre de vin blanc,cs,15.0,g
"5c8654f9e3f33953b40b23b3",Vinaigre de vin blanc ou de riz,cs,15.0,g
"5af2c14aae08b51b804e58ac",Vinaigre de vin rouge ou de cidre,cs,15.0,g
"63e51223bc1d64f7b96e2708",Vinaigre de vin rouge ou de cidre,cs,15.0,g
"5af2be4bae08b5194415a257",Yaourt entier,cs,15.0,g
"5af2be43ae08b5194415a23c",Yaourt léger,cs,15.0,g
"5af2be62ae08b5194415a2ac",Yaourt nature,cs,15.0,g
"5af2bde9ae08b5194415a0e0",Crème de cuisson,cs,15.0,ml
"5af2be52ae08b5194415a26d",Sauce soja,cs,15.0,ml
"5ea2c7d68dee423f3a615ca6",Crème liquide,cs,15.0,ml
"5c8bcd9de3f33973480ec963",Cube de bouillon de légumes,cs,15.0,g
"5c8bcda5e3f33973013052b2",Cannelle en poudre,selon le goût,2.0,g
"5c8bcd9be3f3397358648c92",Huile d'olive,selon le goût,15.0,ml
"63e5121681b4b295e66f024f",Huile d'olive,selon le goût,15.0,ml
"63e5122ea0a0603e5708dcc4",Huile d'olive,selon le goût,15.0,ml
"5ca75c90e3f339258a36e9f2",Huile d'olive vierge extra,selon le goût,15.0,ml
"5af2be55ae08b5194415a27a",Lait,selon le goût,15.0,ml
"5e3bf6849ce22818eb199f8e",Mélange cranberries et graines,selon le goût,30.0,g
"5b1681b5ae08b5730d55ed62",Miel,selon le goût,30.0,g
"5af2be5aae08b5194415a28a",Moutarde,selon le goût,30.0,g
"5c8bcd9be3f3397358648c93",Poivre et sel,selon le goût,1.0,g
"63e5122b81b4b295e66f025e",Poivre et sel,selon le goût,1.0,g
"5af2c171ae08b51b804e5925",Poivre noir,selon le goût,1.0,g
"5af2bde6ae08b5194415a0d2",Sel,selon le goût,1.0,g
"5c8bcdace3f339730507bc42",Sucre,selon le goût,5.0,g
"5c950d84c445fa289769b624",Vinaigre de vin blanc,selon le goût,5.0,g
"5af2be15ae08b5194415a193",Gingembre frais,cm,10.0,g
"6405bf3aaf4af6d531d50acd",Gingembre frais,cm,10.0,g
"5af2bde9ae08b5194415a0e0",Crème de cuisson,paquet(s),200.0,ml
"6407391f9c6d10cd16eab607",Sauce asiatique sucrée,sachet(s),50.0,ml
"5ea2c7d68dee423f3a615ca6",Crème liquide,pièce(s),200.0,ml
"5af2bdf7ae08b5194415a11a",Oignon rouge,cm,10.0,g
"6405bfccb0da1947779863b2",Pâte à tarte,rouleau(x),230.0,g
"64073bff683721c9a32b079e",Pâte à tarte,rouleau(x),230.0,g
"5c0109bfe3f33939791482f5",Pâte feuilletée,rouleau(x),230.0,g
"5af2be9cae08b5194415a381",Anchois,boîte(s),50.0,g
"5c8bcda5e3f33973013052b4",Concentré de tomates,boîte(s),140.0,g
"5bc9de6330006c594864b1c2",Cubes de tomates à l'oignon,boîte(s),400.0,g
"5bceef3a30006c2b0d5d7232",Haricots blancs,boîte(s),400.0,g
"5af2be1fae08b5194415a1b7",Haricots en boîte,boîte(s),400.0,g
"5c66d2a3e3f3395bc35f7315",Haricots rouges,boîte(s),400.0,g
"5af2be0fae08b5194415a182",Lentilles,boîte(s),150.0,g
"6405bfe9b0da194777986410",Maïs en conserve,boîte(s),200.0,g
"5c9e3f05c445fa5e430ba4a2",Maïs en conserve,boîte(s),200.0,g
"5d725d970dcef1000e487d7a",Pesto vert alla genovese,boîte(s),50.0,g
"6405bfcdb9d07cd5d38d7be7",Pois chiches,boîte(s),400.0,g
"5af2be4dae08b5194415a261",Pois chiches,boîte(s),400.0,g
"5b55866fae08b5444c794962",Thon à l'huile d'olive,boîte(s),160.0,g
"64073ba8683721c9a32b0735",Thon à l'huile d'olive,boîte(s),160.0,g
"5af2c167ae08b51b804e5903",Thon au naturel,boîte(s),160.0,g
"64073be1683721c9a32b077d",Thon au naturel,boîte(s),160.0,g
"5cfa73a8d8a8710016415ac4",Tomates cerises en conserve,boîte(s),400.0,g
"6405bf9db0da194777986312",Tomates cerises en conserve,boîte(s),400.0,g
"5ca75c9ae3f33926060c1fc2",Tomates concassées,boîte(s),400.0,g
"5bdc60d1ae08b57bc5462dd2",Tomates concassées au basilic,boîte(s),400.0,g
"5b76db66ae08b523ce09d3f2",Aneth,botte(s),20.0,g
"5af2bde2ae08b5194415a0c8",Basilic,botte(s),20.0,g
"6405bf3db9d07cd5d38d79e4",Carottes en botte,botte(s),200.0,g
"6405bfe6b9d07cd5d38d7c3f",Cébette,botte(s),100.0,g
"5af2bea1ae08b5194415a392",Cerfeuil,botte(s),20.0,g
"5af2be42ae08b5194415a237",Coriandre,botte(s),20.0,g
"5af2be5bae08b5194415a290",Estragon,botte(s),20.0,g
"5ed50d63cb7a11723807e097",Mélisse citronnelle,botte(s),20.0,g
"5c3c5714c445fa5b2f11d713",Origan,botte(s),20.0,g
"5af2be6dae08b5194415a2d4",Persil plat,botte(s),20.0,g
"6405bfeab0da194777986416",Radis,botte(s),200.0,g
"5af2c156ae08b51b804e58c9",Romarin,botte(s),20.0,g
"5af2bde1ae08b5194415a0c6",Thym,botte(s),20.0,g
"5af2be3dae08b5194415a222",Thym citron,botte(s),20.0,g
"6405bf64b0da19477798624b",Burrata,boule(s),150.0,g
"64073bda683721c9a32b0776",Burrata,boule(s),150.0,g
"64073ba59c6d10cd16eab614",Mozzarella,boule(s),125.0,g
"6405bfd2b0da1947779863c6",Mozzarella,boule(s),125.0,g
"64073bb9683721c9a32b074d",Mozzarella di Bufala,boule(s),125.0,g
"5af2be53ae08b5194415a273",Noix de muscade,boule(s),5.0,g
"5af2be53ae08b5194415a273",Noix de muscade,bouteille(s),5.0,g
"5b76db66ae08b523ce09d3f2",Aneth,brin(s),1.0,g
"5af2bea1ae08b5194415a392",Cerfeuil,brin(s),1.0,g
"5af2be42ae08b5194415a237",Coriandre,brin(s),1.0,g
"5af2be5bae08b5194415a290",Estragon,brin(s),1.0,g
"5ed50d63cb7a11723807e097",Mélisse citronnelle,brin(s),1.0,g
"5c3c5714c445fa5b2f11d713",Origan,brin(s),1.0,g
"5af2be6dae08b5194415a2d4",Persil plat,brin(s),1.0,g
"6405bf54b0da194777986216",Romarin,brin(s),1.0,g
"5af2c156ae08b51b804e58c9",Romarin,brin(s),1.0,g
"6405bff5b9d07cd5d38d7c76",Thym,brin(s),1.0,g
"5af2bde1ae08b5194415a0c6",Thym,brin(s),1.0,g
"5af2be3dae08b5194415a222",Thym citron,brin(s),1.0,g
"5c9e3f00c445fa5e1e745da2",Carottes en botte,bun(s),200.0,g
"5af2be0eae08b5194415a17e",Radis,bun(s),100.0,g
"5af2be53ae08b5194415a273",Noix de muscade,cube(s),5.0,g
"5af2bde2ae08b5194415a0c8",Basilic,feuille(s),1.0,g
"5af2be04ae08b5194415a152",Feuille de laurier,feuille(s),1.0,g
"5c794b05e3f3396cd34fd754",Feuilles de lasagne fraîches,feuille(s),50.0,g
"5af2bde3ae08b5194415a0cb",Menthe,feuille(s),1.0,g
"5af2bdeeae08b5194415a0fa",Sauge,feuille(s),2.0,g
"5c8bcd9be3f3397358648c92",Huile d'olive,filet(s),15.0,ml
"5af2be55ae08b5194415a27a",Lait,filet(s),15.0,ml
"63e51216bc1d64f7b96e2701",Lait,filet(s),15.0,ml
"5b928b3fae08b553974324f2",Alpro Cuisine,paquet(s),125.0,ml
"64073bf6df6297bb5beef169",Bouchées de blé panées,paquet(s),200.0,g
"64073bdedf6297bb5beef149",Boulette thaï,paquet(s),250.0,g
"6405bf41b0da1947779861d8",Chair de tomates,paquet(s),400.0,g
"6405bfdcaf4af6d531d50d0e",Chair de tomates,paquet(s),400.0,g
"5af2bdecae08b5194415a0f0",Crème fraîche,paquet(s),200.0,g
"6405bf70b9d07cd5d38d7aab",Cube de tomate à l'ail et oignon,paquet(s),400.0,g
"5bc9de6330006c594864b1c2",Cubes de tomates à l'oignon,paquet(s),400.0,g
"6405bf5ab9d07cd5d38d7a62",Cubes de tomates au basilic,paquet(s),400.0,g
"5af2be66ae08b5194415a2b7",Falafels,paquet(s),200.0,g
"64073bc99c6d10cd16eab642",Falafels et sauce yaourt-menthe,paquet(s),200.0,g
"6405bf50b0da194777986209",haricot de Lima,paquet(s),400.0,g
"5bceef3a30006c2b0d5d7232",Haricots blancs,paquet(s),400.0,g
"6405bf3baf4af6d531d50ad2",Haricots blancs,paquet(s),400.0,g
"5af2bdf9ae08b5194415a120",Haricots noirs,paquet(s),400.0,g
"6405bfc9b0da1947779863a7",Haricots noirs,paquet(s),400.0,g
"5c66d2a3e3f3395bc35f7315",Haricots rouges,paquet(s),400.0,g
"6405bffdb0da194777986456",Haricots rouges,paquet(s),400.0,g
"5ea2c7d68dee423f3a615ca6",Crème liquide,paquet(s),200.0,ml
"5af2be2cae08b5194415a1e4",Lait demi-écrémé,paquet(s),1000.0,ml
"5af2be0fae08b5194415a182",Lentilles,paquet(s),150.0,g
"5c876c76e3f3392ed3516c92","Lentilles, cuites",paquet(s),150.0,g
"64f199da71b62ce128332348",Marrons,paquet(s),100.0,g
"6405bfe1b9d07cd5d38d7c31",Mini carottes,paquet(s),100.0,g
"64073ba5df6297bb5beef0f1",Mini nems au poulet et sauce poisson,paquet(s),200.0,g
"5af2bdf4ae08b5194415a10e",Nouilles udon fraîches,paquet(s),150.0,g
"5c950d82c445fa28d02a8da2",Passata de tomates,paquet(s),500.0,g
"5c0109bfe3f33939791482f5",Pâte feuilletée,paquet(s),230.0,g
"5c700022e3f3396c2e00db14",Persil plat et coriandre,paquet(s),20.0,g
"5e8ddf96e1c4d4221762f1e5",Pilons et ailes de poulet marinés aux épices,paquet(s),200.0,g
"5af2be4dae08b5194415a261",Pois chiches,paquet(s),400.0,g
"6405bfcdb9d07cd5d38d7be7",Pois chiches,paquet(s),400.0,g
"64073c519c6d10cd16eab6c0",Pommes dauphine,paquet(s),250.0,g
"64073bc2df6297bb5beef128",Samossas bœuf,paquet(s),250.0,g
"64073bd4df6297bb5beef141",Samossas légumes et sauce aigre-douce,paquet(s),250.0,g
"5af2be45ae08b5194415a241",Tofu,paquet(s),200.0,g
"5b928b4dae08b55383267f82",Tofu peu épicé en dés,paquet(s),200.0,g
"5ca75c9ae3f33926060c1fc2",Tomates concassées,paquet(s),400.0,g
"5bdc60d1ae08b57bc5462dd2",Tomates concassées au basilic,paquet(s),400.0,g
"5c950d88c445fa28f67f6be3",Aiguillettes de poulet,pièce(s),150.0,g
"5af2bde3ae08b5194415a0cd",Amandes effilées,pièce(s),30.0,g
"5c264206c445fa3bd93ba752",Ananas,pièce(s),700.0,g
"5af2be9cae08b5194415a381",Anchois,pièce(s),50.0,g
"6405bfb6b9d07cd5d38d7ba5",Anis étoilé,pièce(s),2.0,g
"5af2bdfcae08b5194415a12f",Anis étoilé,pièce(s),2.0,g
"5af2be12ae08b5194415a18e",Aubergine,pièce(s),200.0,g
"6405bf8eb9d07cd5d38d7b13",Aubergine,pièce(s),200.0,g
"6405bf9fb9d07cd5d38d7b57",Avocat,pièce(s),150.0,g
"5af2be5aae08b5194415a28d",Avocat,pièce(s),150.0,g
"6495be683bcb0c05c0584177",Bagel,pièce(s),100.0,g
"6493fd38f855bec59c8fd365",Bagel,pièce(s),100.0,g
"64073ccfdf6297bb5beef1eb",Bagel,pièce(s),100.0,g
"6405bf33b0da1947779861a9",Bagel sésame-pavot,pièce(s),100.0,g
"5d19d7e4fca63a000f6a263a",Baguette,pièce(s),250.0,g
"64073ba79c6d10cd16eab618",Baguette,pièce(s),250.0,g
"5af2be7cae08b5194415a30a",Baguette multicéréales,pièce(s),250.0,g
"6405bfffb9d07cd5d38d7c95",Banane,pièce(s),120.0,g
"5c0109bbe3f339397c2ba5b3",Basilic thaï,pièce(s),20.0,g
"5d03abf4d2d35b00122f5377",Bâtard aux figues,pièce(s),150.0,g
"64073bd4683721c9a32b076e",Bavette de bœuf,pièce(s),200.0,g
"6405bf97af4af6d531d50c29",Bavette de bœuf,pièce(s),200.0,g
"5d53dde30f071b001579bac7",Bavette de bœuf,pièce(s),200.0,g
"644c60f3e915ac78ee7c6776",Bavette de bœuf,pièce(s),200.0,g
"5bdc60dbae08b57bc06363d4",Betterave,pièce(s),200.0,g
"6405bfe8b0da19477798640e",Betterave de chioggia,pièce(s),200.0,g
"6405bf4eb9d07cd5d38d7a32",Betterave jaune,pièce(s),150.0,g
"5af2be5cae08b5194415a295",Betterave jaune,pièce(s),200.0,g
"64073c75683721c9a32b07e4",Blinis,pièce(s),30.0,g
"64073d179c6d10cd16eab71a",Boudin blanc,pièce(s),100.0,g
"5c950d7ac445fa28926e8835",Bouillon de poisson,pièce(s),10.0,g
"6405bf72b0da194777986283",Boulettes de bœuf et de porc assaisonnées à l'espagnole,pièce(s),200.0,g
"5cfa73b6d8a871000e5b1634",Boulettes de boeuf et de porc épicées à l'italienne,pièce(s),200.0,g
"6405bffab9d07cd5d38d7c84",Boulettes de bœuf haché assaisonnées aux épices Kefta,pièce(s),200.0,g
"5af2c171ae08b51b804e5924",Boulettes de boeuf haché épicé,pièce(s),200.0,g
"6405bf73af4af6d531d50bba",Boulettes de poulet haché aux épices italiennes,pièce(s),200.0,g
"5c950d20e3f33950f837c012",Boulettes de poulet haché aux épices italiennes,pièce(s),200.0,g
"5c794b0ae3f3396d0b09a2b5",Boulettes de viande à l'italienne (porc et bœuf),pièce(s),200.0,g
"5cf144a8806177000e019d26",Brie,pièce(s),90.0,g
"5d3f1560265a5e000f76a20b",Brioche,pièce(s),100.0,g
"6405bf80af4af6d531d50be4",Brocoli,pièce(s),500.0,g
"5d53d9740f071b00083c90a7",Brocoli,pièce(s),500.0,g
"64073d7c9c6d10cd16eab746",Burger de carotte et de courge,pièce(s),120.0,g
"6405bfa4b9d07cd5d38d7b6a",Burger de veau,pièce(s),120.0,g
"5af2bdf6ae08b5194415a114",Burger de veau,pièce(s),120.0,g
"5c70001be3f3396c2a47cd26",Burger végétarien,pièce(s),120.0,g
"5dcd727af283181a300ab126",Burgers de sanglier,pièce(s),120.0,g
"64073bda683721c9a32b0776",Burrata,pièce(s),150.0,g
"6405bf64b0da19477798624b",Burrata,pièce(s),150.0,g
"5d1b4fca2bd5c6000a2151fc",Camembert,pièce(s),90.0,g
"5af2be68ae08b5194415a2c0",Carotte,pièce(s),80.0,g
"6405bfbfb0da194777986386",Carotte,pièce(s),80.0,g
"5af2be29ae08b5194415a1de",Carotte jaune,pièce(s),80.0,g
"6405bf6daf4af6d531d50ba3",Carotte jaune,pièce(s),80.0,g
"6405bff4b9d07cd5d38d7c6c",Carotte violette,pièce(s),80.0,g
"5af2be86ae08b5194415a33b",Carotte violette,pièce(s),80.0,g
"5c9e3f00c445fa5e1e745da2",Carottes en botte,pièce(s),200.0,g
"5ba8a96630006c3c346c38b4",Carré de côtes,pièce(s),200.0,g
"6405bfe6b9d07cd5d38d7c3f",Cébette,pièce(s),30.0,g
"5c9e3f07c445fa5e4f2059d2",Céleri branche,pièce(s),40.0,g
"5af2be22ae08b5194415a1c2",Céleri vert,pièce(s),300.0,g
"64073c2edf6297bb5beef192",Céleri-branche,pièce(s),40.0,g
"64073bee9c6d10cd16eab66f",Céleri-rave,pièce(s),500.0,g
"5af2be28ae08b5194415a1d9",Céleri-rave,pièce(s),500.0,g
"64073e939c6d10cd16eab7b8",Chapati,pièce(s),100.0,g
"6405bfd3b9d07cd5d38d7c02",Chipolata,pièce(s),60.0,g
"5af2be5eae08b5194415a29c",Chipolatas de bœuf,pièce(s),80.0,g
"5af2be5fae08b5194415a29d",Chou chinois,pièce(s),500.0,g
"6405bf71b0da194777986282",Chou chinois,pièce(s),500.0,g
"5e1f0278e2e6d65ec87f8933",Chou pointu,pièce(s),500.0,g
"6405bf85af4af6d531d50bef",Chou pointu,pièce(s),500.0,g
"64073f16df6297bb5beef2b7",Chou vert frisé,pièce(s),500.0,g
"6405bf89af4af6d531d50bfb",Chou-fleur,pièce(s),700.0,g
"5af2bdeaae08b5194415a0e8",Chou-rave,pièce(s),200.0,g
"6405bf26b0da19477798617a",Chou-rave,pièce(s),200.0,g
"6405bf7aaf4af6d531d50bd5",Choux de Bruxelles,pièce(s),20.0,g
"5c794b0be3f3396cd0285662",Ciabatta,pièce(s),100.0,g
"5af2c152ae08b51b804e58be",Ciabatta aux olives,pièce(s),100.0,g
"5c865506e3f33953c57bce32",Ciabatta blanche,pièce(s),100.0,g
"5c8bcda7e3f339735a76c464",Ciabatta complète,pièce(s),100.0,g
"5c0e2cbce3f33937c643dfa2",Ciabatta grise,pièce(s),100.0,g
"64073bbedf6297bb5beef120",Ciabatta grise aux graines de tournesol,pièce(s),100.0,g
"5af2be97ae08b5194415a373",Ciabatta grise aux graines de tournesol,pièce(s),100.0,g
"5af2c14fae08b51b804e58b5",Ciboule,pièce(s),30.0,g
"6405c011af4af6d531d50dcd",Citron,pièce(s),100.0,g
"5c950d77c445fa28926e8832",Citron jaune,pièce(s),100.0,g
"6405bf30af4af6d531d50aac",Citron vert,pièce(s),70.0,g
"5af2be6cae08b5194415a2cf",Citron vert,pièce(s),70.0,g
"6405bf52b0da19477798620d",Citronnelle fraîche,pièce(s),10.0,g
"5c950d7cc445fa288372a893",Citronnelle fraîche,pièce(s),10.0,g
"5af2c14fae08b51b804e58b6",Citronnelle moulue,pièce(s),1.0,g
"5ba8a96430006c3c441c9ff2",Colin mariné,pièce(s),200.0,g
"5c8bcda5e3f33973013052b4",Concentré de tomates,pièce(s),140.0,g
"5e4a42ab179521032f127c34",Concombre,pièce(s),200.0,g
"6405c000af4af6d531d50d96",Concombre,pièce(s),200.0,g
"648905f30635a1e9befbb436",Confit de canard,pièce(s),120.0,g
"5b928b59ae08b5536f17e522",Confit de canard,pièce(s),120.0,g
"6405bf8baf4af6d531d50c00",Confit de canard,pièce(s),120.0,g
"5af2c164ae08b51b804e58fb",Confit de pintade,pièce(s),120.0,g
"5d9d97a76f3ff25eb7598b4e",Confiture de fraises,pièce(s),30.0,g
"6405bf88b9d07cd5d38d7b06",Contre-filet de bœuf,pièce(s),200.0,g
"5af2be42ae08b5194415a237",Coriandre,pièce(s),20.0,g
"64073ba9683721c9a32b0738",Courge butternut,pièce(s),700.0,g
"6405bf25af4af6d531d50a75",Courge butternut,pièce(s),700.0,g
"5af2be61ae08b5194415a2a6",Courge butternut,pièce(s),700.0,g
"5af2be85ae08b5194415a33a",Courge Hokkaido,pièce(s),700.0,g
"6405bfbeaf4af6d531d50cb9",Courge Kabocha,pièce(s),700.0,g
"64073c1a683721c9a32b07af",Courge spaghetti tranchée,pièce(s),300.0,g
"6405bf8bb9d07cd5d38d7b0c",Courgette,pièce(s),200.0,g
"5af2be53ae08b5194415a272",Courgette,pièce(s),200.0,g
"5af2be0bae08b5194415a174",Courgette blanche,pièce(s),200.0,g
"5af2bea6ae08b5194415a3a4",Courgette jaune,pièce(s),200.0,g
"5d9d97a21354614ba164bdb3",Courgette ronde,pièce(s),200.0,g
"6405bfd0b0da1947779863bf",Cresson,pièce(s),50.0,g
"5af2be29ae08b5194415a1dc",Cresson,pièce(s),50.0,g
"63e51235a0a0603e5708dcc8",Cube de bouillon de bœuf,pièce(s),10.0,g
"5e1f0277cc6609041441227e",Cube de bouillon de bœuf,pièce(s),10.0,g
"63e5122081b4b295e66f0256",Cube de bouillon de légumes,pièce(s),10.0,g
"5af2be25ae08b5194415a1cc",Cube de bouillon de poisson,pièce(s),10.0,g
"63e51213a0a0603e5708dcbc",Cube de bouillon de poisson,pièce(s),10.0,g
"5e4cf7fc389bc238c3507fce",Cube de bouillon de volaille,pièce(s),10.0,g
"63e5120ebc1d64f7b96e26ff",Cube de bouillon de volaille,pièce(s),10.0,g
"6405bff4af4af6d531d50d5b",Cuisse de poulet,pièce(s),120.0,g
"6405bf67b0da194777986258",Cuisse de poulet,pièce(s),120.0,g
"5af2c162ae08b51b804e58f3",Cuisse de poulet,pièce(s),120.0,g
"5b3f7996ae08b5535d162163",Cuisse de poulet confite,pièce(s),120.0,g
"6405bfd5b0da1947779863d3",Cuisse de poulet confite,pièce(s),120.0,g
"6405bf18b9d07cd5d38d7962",Cuisses de poulet,pièce(s),120.0,g
"64073bcc9c6d10cd16eab649",Demi-baguette,pièce(s),125.0,g
"64e38514a2c417189e0da947",Demi-baguette,pièce(s),125.0,g
"5af2c16bae08b51b804e5912",Demi-baguette,pièce(s),125.0,g
"6405bfd9b0da1947779863dc",Dés de filet de porc,pièce(s),200.0,g
"6405bfceb9d07cd5d38d7bea",Dip d'avocat,pièce(s),100.0,g
"6405bfc5b9d07cd5d38d7bce",Échalote,pièce(s),30.0,g
"5c8bcd9be3f3397358648c94",Échalote,pièce(s),30.0,g
"6405bf7bb0da19477798629e",Échine de porc désossée,pièce(s),200.0,g
"6405bf82af4af6d531d50be9",Échine de porc désossée,pièce(s),200.0,g
"5bdc60dbae08b57bc06363d5",Échine de porc désossée,pièce(s),200.0,g
"5af2be6aae08b5194415a2c7",Endive,pièce(s),150.0,g
"6405bf49b0da1947779861ee",Endive,pièce(s),150.0,g
"5c8bcd9de3f33973480ec963",Cube de bouillon de légumes,pièce(s),10.0,g
"6405bf91b9d07cd5d38d7b1c",Endive,pièce(s),150.0,g
"6405bf9fb9d07cd5d38d7b54",Entrecôte de bœuf,pièce(s),250.0,g
"5ca75c8fe3f33925b82ec686",Épi de maïs,pièce(s),200.0,g
"6405bfa0af4af6d531d50c4f",Épi de maïs,pièce(s),200.0,g
"5af2be60ae08b5194415a2a2",Épinards,pièce(s),150.0,g
"6405bf5eb0da19477798622e",Escalope de dinde,pièce(s),150.0,g
"6405c021b0da1947779864d7",Escalope de jambon,pièce(s),100.0,g
"5e81e04e65d0084a291b703a",Escalope de poisson pané aux céréales,pièce(s),150.0,g
"64073d7c9c6d10cd16eab747",Escalope végétarienne,pièce(s),100.0,g
"6405bf49af4af6d531d50b0f",Faux filet de bœuf,pièce(s),200.0,g
"6405bfe5af4af6d531d50d2c",Fenouil,pièce(s),200.0,g
"5af2be11ae08b5194415a18b",Fenouil,pièce(s),200.0,g
"64073ce69c6d10cd16eab6ff",Feuille de brick,pièce(s),15.0,g
"5af2be04ae08b5194415a152",Feuille de laurier,pièce(s),1.0,g
"6405bf23b0da19477798616a",Feuille de laurier,pièce(s),1.0,g
"5af2bdecae08b5194415a0ee",Feuilles de lasagne,pièce(s),50.0,g
"5c794b05e3f3396cd34fd754",Feuilles de lasagne fraîches,pièce(s),50.0,g
"5b8022a830006c3a643a4e62",Figues,pièce(s),50.0,g
"5cfa73a3d8a871000b700302",Filet d'églefin,pièce(s),150.0,g
"5af2be9aae08b5194415a37c",Filet d'églefin sans peau,pièce(s),150.0,g
"64073bbf683721c9a32b0756",Filet d'églefin sans peau,pièce(s),150.0,g
"6405bf6caf4af6d531d50ba2",Filet d'églefin sans peau,pièce(s),150.0,g
"5af2be07ae08b5194415a165",Filet de bar avec peau,pièce(s),200.0,g
"6405bf81b9d07cd5d38d7aeb",Filet de bar avec peau,pièce(s),200.0,g
"5cdea5d0bfc591000c342572",Filet de cabillaud,pièce(s),200.0,g
"5c794afee3f3396cd34fd752",Filet de cabillaud (100 g),pièce(s),100.0,g
"5af2be72ae08b5194415a2e3",Filet de cabillaud sans peau,pièce(s),200.0,g
"6405bf5db0da19477798622d",Filet de cabillaud sans peau,pièce(s),200.0,g
"64073baadf6297bb5beef101",Filet de cabillaud sans peau,pièce(s),200.0,g
"6405bf83b9d07cd5d38d7aee",Filet de canard,pièce(s),200.0,g
"6405bf4faf4af6d531d50b2a",Filet de canette,pièce(s),250.0,g
"5b1a8f6eae08b5414802e882",Filet de colin sans peau,pièce(s),150.0,g
"5af2be85ae08b5194415a337",Filet de daurade avec peau,pièce(s),200.0,g
"64073bb6683721c9a32b074c",Filet de daurade avec peau,pièce(s),200.0,g
"6405bf36af4af6d531d50ac3",Filet de daurade avec peau,pièce(s),200.0,g
"5c66d29be3f3395bc35f7312",Filet de lieu jaune,pièce(s),200.0,g
"64073fc2683721c9a32b0908",Filet de lieu jaune,pièce(s),200.0,g
"64073bab9c6d10cd16eab61c",Filet de lieu noir,pièce(s),200.0,g
"6405bfb1b0da194777986354",Filet de lieu noir,pièce(s),200.0,g
"64073bb19c6d10cd16eab625",Filet de merlu avec peau,pièce(s),200.0,g
"5af2c154ae08b51b804e58c4",Filet de merlu avec peau,pièce(s),200.0,g
"6405bf2cb0da194777986191",Filet de merlu avec peau,pièce(s),200.0,g
"6405bf1ab9d07cd5d38d7967",Filet de merlu en croûte de pétales de maïs,pièce(s),150.0,g
"5d2456026bca36000c51c1cc",Filet de merlu en croûte de pétales de maïs,pièce(s),150.0,g
"6405bf8fb0da1947779862e8",Filet de perche du Nil,pièce(s),150.0,g
"5d03aaabe6881d00144e98d3",Filet de perche du Nil,pièce(s),150.0,g
"5af2be38ae08b5194415a20d",Filet de perche du Nil sans peau,pièce(s),150.0,g
"6405bf3eb0da1947779861d0",Filet de porc,pièce(s),200.0,g
"5e3bf6859ce22818eb199f8f",Filet de porc,pièce(s),200.0,g
"5e9063c95ecacd749e661d51",Filet de poulet,pièce(s),200.0,g
"6405bf28b9d07cd5d38d799c",Filet de poulet,pièce(s),200.0,g
"64073ba7df6297bb5beef0ff",Filet de poulet,pièce(s),200.0,g
"5e735f9577e50120590c05a5",Filet de poulet à la méditerranéenne,pièce(s),200.0,g
"6405bf32b9d07cd5d38d79bd",Filet de poulet à la méditerranéenne et à l'ail,pièce(s),220.0,g
"5c6ffcdbc445fa23d4707943",Filet de poulet aux épices méditerrannéenes,pièce(s),200.0,g
"5af2be9cae08b5194415a384",Filet de poulet mariné aux fines herbes,pièce(s),200.0,g
"5d3f155f265a5e000f76a20a",Filet de saumon,pièce(s),200.0,g
"6405bfd8b9d07cd5d38d7c10",Filet de saumon avec peau,pièce(s),200.0,g
"64073bd29c6d10cd16eab652",Filet de saumon avec peau,pièce(s),200.0,g
"5af2c173ae08b51b804e592b",Filet de saumon avec peau,pièce(s),200.0,g
"64073ef99c6d10cd16eab7d9",Filet de sébaste,pièce(s),200.0,g
"5b362c9430006c53516f4852",Filet de sébaste avec peau,pièce(s),200.0,g
"5af2be48ae08b5194415a24d",Filet de skrei sans peau,pièce(s),200.0,g
"64073c9b9c6d10cd16eab6e2",Filet de truite fumée à chaud,pièce(s),150.0,g
"5af2be6aae08b5194415a2c8",Filet de truite fumée à chaud,pièce(s),150.0,g
"6405bf43b9d07cd5d38d79fa",Filet mignon de bœuf,pièce(s),200.0,g
"5af2c163ae08b51b804e58f6",Filet mignon de porc,pièce(s),500.0,g
"6405bfc0af4af6d531d50cc0",Filet mignon de porc,pièce(s),200.0,g
"6514c2c1aab557d393d8cbee",Filet mignon de porc,pièce(s),200.0,g
"6405bf74b9d07cd5d38d7ac0",Fleur de pensée,pièce(s),1.0,g
"5af2be2fae08b5194415a1ed",Fromage de chèvre frais,pièce(s),90.0,g
"6405bffdaf4af6d531d50d86",Fromage pour tartiflette RichesMonts,pièce(s),200.0,g
"64073bbbdf6297bb5beef116",Galette de blé noir,pièce(s),60.0,g
"6405bf47b9d07cd5d38d7a13",Galette quinoa et tomates,pièce(s),120.0,g
"6405bf56b9d07cd5d38d7a4f",Galettes d'épeautre,pièce(s),100.0,g
"5cdea15cbfc591000d02b434",Gouda Mi-Vieux râpé,pièce(s),90.0,g
"6405bf62b9d07cd5d38d7a7d",Gousse d'ail,pièce(s),10.0,g
"5c8bcd9de3f33973480ec962",Gousse d'ail,pièce(s),10.0,g
"6405bf7ab0da19477798629a",Grenade,pièce(s),200.0,g
"5af2be21ae08b5194415a1c0",Grenade,pièce(s),200.0,g
"5d725d970dcef1000e487d79",Grenailles,pièce(s),50.0,g
"5b0bb2b730006c47d07bd8b2",Hamburger,pièce(s),150.0,g
"5af2c170ae08b51b804e5922",Hamburger aux épices thaïes,pièce(s),150.0,g
"6405bf3baf4af6d531d50ad2",Haricots blancs,pièce(s),400.0,g
"5af2bdf9ae08b5194415a120",Haricots noirs,pièce(s),400.0,g
"6405bfc9b0da1947779863a7",Haricots noirs,pièce(s),400.0,g
"5cdea15fbfc59100161288d2",Haricots plats coupés,pièce(s),400.0,g
"5c66d2a3e3f3395bc35f7315",Haricots rouges,pièce(s),400.0,g
"6405bf81b0da1947779862b1",Hauts de cuisses de poulet,pièce(s),120.0,g
"5e4a47fa1841fb3d373ae1ab",Jambon à l'os mariné au miel et à la moutarde,pièce(s),200.0,g
"6405bf69b9d07cd5d38d7a92",Kiwi,pièce(s),80.0,g
"64e606082d4398dd759153a5",Kiwi,pièce(s),80.0,g
"5af2be65ae08b5194415a2b4",Laitue,pièce(s),150.0,g
"5af2c149ae08b51b804e58a7",Lamelles de cuisse de poulet,pièce(s),150.0,g
"5af2be0fae08b5194415a182",Lentilles,pièce(s),150.0,g
"5cfa73b4d8a87100113ef314",Loup de mer,pièce(s),200.0,g
"5c9e3f05c445fa5e430ba4a2",Maïs en conserve,pièce(s),200.0,g
"6405bff6b0da19477798643f",Mangue,pièce(s),200.0,g
"5cfa7529167362000e761a39",Mangue,pièce(s),200.0,g
"5af2be5dae08b5194415a296",Mélange de jeunes pousses,pièce(s),10.0,g
"6405bfeeb0da19477798641f",Melon cantaloup,pièce(s),600.0,g
"6405bf9aaf4af6d531d50c3b",Melon charentais,pièce(s),600.0,g
"6405bfdab9d07cd5d38d7c16",Melon galia,pièce(s),600.0,g
"5d2c50009de581000e37f6cd",Melon galia,pièce(s),600.0,g
"5cb44922e3f339395e60f252",Merguez de bœuf,pièce(s),50.0,g
"6405bf77b0da194777986294",Merguez de bœuf,pièce(s),50.0,g
"5d2c50059de581000c3e29ec",Merguez de poulet,pièce(s),50.0,g
"5d03aab9e6881d000d696ab6",Mini pastèque,pièce(s),600.0,g
"64073bd4df6297bb5beef143",Mini tortillas,pièce(s),30.0,g
"5d5d5fb8cafe9a00085ebbdd",Mini tortillas,pièce(s),30.0,g
"6494e16b2417a80cb660bac1",Mini tortillas,pièce(s),30.0,g
"5e4a42ab179521032f127c36",Mini-pain à hamburger complet,pièce(s),70.0,g
"5af2be2aae08b5194415a1e0",Mini-pains pita,pièce(s),50.0,g
"64073ba59c6d10cd16eab614",Mozzarella,pièce(s),125.0,g
"6405c004b0da19477798646f",Mozzarella di Bufala,pièce(s),125.0,g
"5af2bdf4ae08b5194415a10d",Mozzarella di Bufala,pièce(s),125.0,g
"64073bb9683721c9a32b074d",Mozzarella di Bufala,pièce(s),125.0,g
"6405bf65b9d07cd5d38d7a85",Nectarine,pièce(s),150.0,g
"5d2455ff6bca36000d28ed33",Nectarine,pièce(s),150.0,g
"5cdea16abfc591000d02b436",Nectarine jaune,pièce(s),150.0,g
"6405bf64af4af6d531d50b8a",Nectarine jaune,pièce(s),150.0,g
"5af2be52ae08b5194415a26e",Noisettes grillées,pièce(s),5.0,g
"5af2be53ae08b5194415a273",Noix de muscade,pièce(s),5.0,g
"6405bf95af4af6d531d50c1f",Nuggets de légumes,pièce(s),30.0,g
"6405bf55b0da194777986218",Œuf,pièce(s),50.0,g
"63e5121d81b4b295e66f0254",Œuf,pièce(s),50.0,g
"5c8bcda7e3f339735a76c463",Œuf,pièce(s),50.0,g
"6405bfafaf4af6d531d50c89",Œuf de poule élevée en plein air,pièce(s),50.0,g
"5af2bdf1ae08b5194415a104",Œuf de poule élevée en plein air,pièce(s),50.0,g
"5ea3187761c44b3f723c1bfc",Œufs,pièce(s),50.0,g
"6405bff8b0da194777986443",Oignon,pièce(s),100.0,g
"5af2be31ae08b5194415a1f6",Oignon jaune,pièce(s),100.0,g
"5c8bcd9ee3f33973480ec966",Oignon nouveau,pièce(s),50.0,g
"5af2bdf7ae08b5194415a11a",Oignon rouge,pièce(s),100.0,g
"6405bfceb0da1947779863ba",Oignon rouge,pièce(s),100.0,g
"5af2be2eae08b5194415a1e9",Orange,pièce(s),150.0,g
"6405bf35b0da1947779861ae",Orange,pièce(s),150.0,g
"5d80e40b99ea5a049e5cc468",Orange sanguine,pièce(s),150.0,g
"5af2be3eae08b5194415a226",Pain au curcuma,pièce(s),100.0,g
"5af2be1aae08b5194415a1a5",Pain au levain,pièce(s),100.0,g
"5e68de0c03c57802fc06c6ab",Pain bao,pièce(s),80.0,g
"64945b3c2417a80cb660ba7b",Pain bao,pièce(s),80.0,g
"64073c7d9c6d10cd16eab6d4",Pain bao,pièce(s),80.0,g
"64073d69683721c9a32b083e",Pain bio au levain de seigle,pièce(s),200.0,g
"64073c75683721c9a32b07e3",Pain brioché,pièce(s),80.0,g
"5df9f3bbe373522ec63de501",Pain brioché complet,pièce(s),150.0,g
"64073befdf6297bb5beef15e",Pain burger,pièce(s),80.0,g
"64073bc8df6297bb5beef133",Pain burger au sésame,pièce(s),80.0,g
"5af2c14eae08b51b804e58b2",Pain burger au sésame,pièce(s),80.0,g
"64073bcd683721c9a32b076b",Pain burger aux graines,pièce(s),100.0,g
"6405bf79af4af6d531d50bd2",Pain d'épice bio,pièce(s),150.0,g
"5d3f1563265a5e0009517285",Pain d'épices BIO,pièce(s),150.0,g
"5cb44981c445fa72dd0dffe2",Pain gris,pièce(s),100.0,g
"6405bf5eb9d07cd5d38d7a72",Pain libanais complet,pièce(s),80.0,g
"5cfa73b2d8a871000d34cac7",Pain libanais complet,pièce(s),80.0,g
"6405bfdbb9d07cd5d38d7c1b",Pain naan,pièce(s),80.0,g
"64073be69c6d10cd16eab660",Pain naan,pièce(s),80.0,g
"5af2be00ae08b5194415a145",Pain naan,pièce(s),80.0,g
"6494e1765f6a5ed9af3caf57",Pain naan,pièce(s),80.0,g
"6405bfd7af4af6d531d50d03",Poitrine de porc,pièce(s),200.0,g
"6405bfeeb9d07cd5d38d7c57",Pain naan à l'ail et aux épices,pièce(s),80.0,g
"5af2c16eae08b51b804e591a",Pain pistolet aux raisins,pièce(s),50.0,g
"6405bf6cb0da19477798626b",Pain pistolet gris,pièce(s),50.0,g
"6405bf41af4af6d531d50aec",Pain pita,pièce(s),80.0,g
"64073bc4df6297bb5beef12f",Pain pita,pièce(s),80.0,g
"5cebf6d91ce852000e1825af",Pain pita,pièce(s),80.0,g
"64946e4f2417a80cb660baa1",Pain pita,pièce(s),80.0,g
"6405bfc9b0da1947779863a8",Pain pita complet,pièce(s),80.0,g
"5cf1438fb9565e000f6d310a",Pain pita complet,pièce(s),80.0,g
"6405bf48b0da1947779861ea",Pain plat libanais,pièce(s),80.0,g
"5e304af3071555431110c815",Pain plat libanais,pièce(s),80.0,g
"64073cc39c6d10cd16eab6ee",Pain turc,pièce(s),80.0,g
"5e5f567c3e455f755d4c0184",Pain turc,pièce(s),80.0,g
"6405bfecb9d07cd5d38d7c52",Pain turc,pièce(s),80.0,g
"64073c24df6297bb5beef186",Pak choï,pièce(s),300.0,g
"5af2be0fae08b5194415a180",Pak choï,pièce(s),300.0,g
"6405c006af4af6d531d50da8",Pak choï,pièce(s),300.0,g
"6405bfe8af4af6d531d50d34",Panais,pièce(s),200.0,g
"64073bba683721c9a32b074e",Parmigiano Reggiano AOP,pièce(s),40.0,g
"5c950d82c445fa28d02a8da2",Passata de tomates,pièce(s),500.0,g
"6405bf6fb9d07cd5d38d7aa9",Patate douce,pièce(s),200.0,g
"5af2be5dae08b5194415a299",Patate douce,pièce(s),200.0,g
"64073c51df6297bb5beef1a8",Pâte à pizza,pièce(s),250.0,g
"6503359232e9107c6db92035",Pâte à pizza,pièce(s),230.0,g
"6405bf65b0da19477798624e",Pâte à pizza,pièce(s),230.0,g
"64073bc8683721c9a32b0762",Pâte à tarte,pièce(s),230.0,g
"6405bfccb0da1947779863b2",Pâte à tarte,pièce(s),230.0,g
"64073c039c6d10cd16eab686",Pâte à tarte,pièce(s),230.0,g
"5db8499971086468f669b615",Pâte de condiments thaïs pour wok,pièce(s),30.0,g
"5af2bdf3ae08b5194415a10a",Pâte de curry vert,pièce(s),30.0,g
"5cfa73b1d8a87100142eb5b3",Pâte épicée balinaise,pièce(s),30.0,g
"5c0109bfe3f33939791482f5",Pâte feuilletée,pièce(s),230.0,g
"6405bf30b9d07cd5d38d79b9",Pâte filo,pièce(s),20.0,g
"64073c059c6d10cd16eab687",Pâte pour flammekueche,pièce(s),250.0,g
"6405bf39b0da1947779861be",Pâte pour flammekueche,pièce(s),230.0,g
"6494e1755f6a5ed9af3caf56",Pâte pour flammekueche,pièce(s),230.0,g
"5c8bce19c445fa62b21ba034",Pâte pour flammekueche,pièce(s),230.0,g
"5d3f1564265a5e000b6055dd",Paupiette de veau,pièce(s),150.0,g
"64073cb8683721c9a32b07fc",Paupiette de veau,pièce(s),150.0,g
"64073ba5683721c9a32b072f",Pavé de bœuf mariné,pièce(s),200.0,g
"6405bf46b9d07cd5d38d7a0b",Pavé de bœuf mariné,pièce(s),200.0,g
"6405bf34b0da1947779861ac",Pêche,pièce(s),150.0,g
"6405bf4ab0da1947779861f3",Pêche jaune,pièce(s),150.0,g
"64073bdd9c6d10cd16eab657",Petit pain,pièce(s),50.0,g
"64073ba69c6d10cd16eab615",Petit pain,pièce(s),50.0,g
"6405c01eb0da1947779864ca",Petit pain,pièce(s),50.0,g
"6405bfa9af4af6d531d50c69",Petit pain,pièce(s),50.0,g
"64073c399c6d10cd16eab6ab",Petit pain,pièce(s),50.0,g
"64073bbfdf6297bb5beef124",Petit pain,pièce(s),50.0,g
"64073bd9df6297bb5beef146",Petit pain,pièce(s),50.0,g
"6489060a7b6a161d101f75a1",Petit pain au pavot,pièce(s),60.0,g
"64073d29df6297bb5beef20d",Petit pain au pavot,pièce(s),60.0,g
"6405bfe1b0da1947779863f5",Petit pain au pavot,pièce(s),60.0,g
"6405bfe6af4af6d531d50d2d",Petit pain aux drêches,pièce(s),80.0,g
"64073d64df6297bb5beef223",Petit pain aux drêches,pièce(s),80.0,g
"5ec507e21a33de639e6e8192",Petit pain aux drêches,pièce(s),80.0,g
"6405bfe5b9d07cd5d38d7c3e",Petit pain aux figues,pièce(s),70.0,g
"6405bf4cb0da1947779861fc",Petit pain aux graines de sésame,pièce(s),70.0,g
"64073bad9c6d10cd16eab61d",Petit pain aux noix,pièce(s),70.0,g
"5f4914a8feac474fa568779f",Petit pain aux raisins,pièce(s),70.0,g
"5cd56855729fc2001003da4b",Petit pain aux raisins et aux noix,pièce(s),70.0,g
"5c8bcdafe3f3397358648c98",Petit pain tradition,pièce(s),50.0,g
"5c9e3f02c445fa5e1018cbc2",Petite baguette à l'épeautre,pièce(s),150.0,g
"5af2be85ae08b5194415a339",Piccalilly,pièce(s),50.0,g
"6405bf1eb9d07cd5d38d797a",Pilons de poulet,pièce(s),100.0,g
"5d53d9820f071b00121da481",Pilons de poulet,pièce(s),100.0,g
"5cebf7dbee5388000d27602a",Pilons de poulet au pili-pili,pièce(s),100.0,g
"5cd56853729fc2001a1b4bf0",Pilons de poulet marinés aux herbes,pièce(s),100.0,g
"6405c001b0da194777986460",Piment,pièce(s),20.0,g
"6405bf99b9d07cd5d38d7b3c",Piment,pièce(s),20.0,g
"5af2c164ae08b51b804e58fa",Piment jaune,pièce(s),20.0,g
"5c8bcda9e3f339735561c2c3",Piment rouge,pièce(s),20.0,g
"5bceef3630006c2af868e602",Piment vert,pièce(s),20.0,g
"6405bfb5b0da194777986363",Piment vert turc doux,pièce(s),20.0,g
"5af2be3fae08b5194415a22c",Piments rouges turcs,pièce(s),20.0,g
"5cb4497ec445fa72c4440bb2",Piments verts turcs,pièce(s),20.0,g
"5bc449de30006c63ef5b8096",Pleurotes,pièce(s),100.0,g
"6405c00ab9d07cd5d38d7cb7",Poire,pièce(s),150.0,g
"5af2bdf6ae08b5194415a115",Poire,pièce(s),150.0,g
"5af2be69ae08b5194415a2c5",Poireau,pièce(s),100.0,g
"6405bf76af4af6d531d50bc7",Poireau,pièce(s),100.0,g
"6405bfd2b9d07cd5d38d7bfd",Poitrine de porc,pièce(s),200.0,g
"6405bfc3b9d07cd5d38d7bcb",Poivron,pièce(s),150.0,g
"6405bfdbb9d07cd5d38d7c1a",Poivron,pièce(s),150.0,g
"6405bff3b9d07cd5d38d7c6b",Poivron,pièce(s),150.0,g
"6405bf2caf4af6d531d50a9c",Poivron jaune,pièce(s),150.0,g
"5af2be5eae08b5194415a29b",Poivron jaune,pièce(s),150.0,g
"5af2be77ae08b5194415a2f9",Poivron pointu rouge,pièce(s),100.0,g
"5af2c161ae08b51b804e58f1",Poivron rouge,pièce(s),150.0,g
"6405bf77b0da194777986291",Poivron rouge,pièce(s),150.0,g
"5af2be23ae08b5194415a1c7",Poivron vert,pièce(s),150.0,g
"5d7bb03a3457f042d043649b",Poivron vert pointu,pièce(s),100.0,g
"5e4a42ab179521032f127c37",Pomme,pièce(s),150.0,g
"64e611c42d4763a07ee94806",Pomme,pièce(s),150.0,g
"6405bf35b9d07cd5d38d79d1",Pomme,pièce(s),150.0,g
"5d03aab9e6881d000d696ab5",Pomme de terre,pièce(s),150.0,g
"6405bffcb0da194777986452",Pomme de terre en robe des champs,pièce(s),200.0,g
"6405bf34b0da1947779861aa",Portobello,pièce(s),100.0,g
"5d725d970dcef1000e487d7b",Portobello,pièce(s),100.0,g
"6405bf1ab0da194777986149",Potimarron,pièce(s),700.0,g
"64073c269c6d10cd16eab69e",Potimarron,pièce(s),700.0,g
"6405bfa2af4af6d531d50c57",Poulet entier,pièce(s),700.0,g
"6405bfefaf4af6d531d50d49",Prunes,pièce(s),60.0,g
"5af2be0eae08b5194415a17e",Radis,pièce(s),10.0,g
"6405c008b9d07cd5d38d7cb0",Radis noir,pièce(s),200.0,g
"6405c000b0da19477798645b",Radis Red Meat,pièce(s),15.0,g
"5af2c156ae08b51b804e58c9",Romarin,pièce(s),20.0,g
"5af2be67ae08b5194415a2bb",Roulade de boeur farcie,pièce(s),250.0,g
"6405bfbdb0da194777986380",Rumsteak,pièce(s),200.0,g
"5af2c171ae08b51b804e5926",Rumsteak,pièce(s),200.0,g
"5af2bde6ae08b5194415a0d3",Salade iceberg,pièce(s),100.0,g
"5af2bde2ae08b5194415a0ca",Salade romaine,pièce(s),100.0,g
"6405bf3daf4af6d531d50ad9",Saucisse aux herbes,pièce(s),100.0,g
"5bdc60d7ae08b57bbd306b22",Saucisse de boeuf aux épices italiennes,pièce(s),100.0,g
"6405bf96b0da1947779862fd",Saucisse de porc,pièce(s),100.0,g
"5c794b02e3f3396d0b09a2b3",Saucisse de porc à l'orange et ras el hanout,pièce(s),100.0,g
"5d725d9a0dcef10009125ba8",Saucisse de porc à la bière Westmalle,pièce(s),120.0,g
"6405bf9faf4af6d531d50c4c",Saucisse de porc au citron et thym,pièce(s),100.0,g
"5d3f1562265a5e0009517284",Saucisse de porc au fromage Chimay et aux oignons caramélisés,pièce(s),120.0,g
"6405bf6bb9d07cd5d38d7aa0",Saucisse de porc au fromage Chimay et aux oignons caramélisés,pièce(s),120.0,g
"5b48b69eae08b57567038402",Saucisse de porc aux épices laotiennes,pièce(s),100.0,g
"5dcd7272b2285877f1209db6",Saucisse de porc aux graines de moutarde à l'estragon,pièce(s),100.0,g
"6405bf7eaf4af6d531d50be0",Saucisse de porc fumée,pièce(s),100.0,g
"5c0109c1e3f339399a313812",Saucisse de porc fumée,pièce(s),100.0,g
"5af2be9dae08b5194415a387","Saucisse de porc, citron et thym",pièce(s),100.0,g
"6405bf68af4af6d531d50b98","Saucisse de porc, marjolaine et ail",pièce(s),100.0,g
"5b76db62ae08b523822d2952","Saucisse de porc, marjolaine et ail",pièce(s),100.0,g
"5cc6ca73945b190013288b4c","Saucisse de porc, paprika et amande",pièce(s),120.0,g
"5af2be96ae08b5194415a370","Saucisse de porc, persil et ail",pièce(s),100.0,g
"5c2f6639e3f3394f955fac33","Saucisse de porc, pommes et poivre noir",pièce(s),120.0,g
"5bbb0a7eae08b506f1706f93","Saucisse de porc, sauge et vin blanc",pièce(s),100.0,g
"5d1326aef67e68001137678c","Saucisse de poulet, poivron, thym & origan",pièce(s),100.0,g
"5e578a029a493d7e507765c1",Saucisse de sanglier,pièce(s),100.0,g
"6405c01fb0da1947779864ce",Saucisse de Toulouse,pièce(s),120.0,g
"5c7e9d88c445fa0bae3c7f62",Saucisse paysanne,pièce(s),100.0,g
"6405bfe0b9d07cd5d38d7c30",Saucisses de poulet,pièce(s),100.0,g
"5e44f83e30c11e59da3d99ca",Saucisses de poulet assaisonnées,pièce(s),100.0,g
"6405bf63af4af6d531d50b87",Saumon fumé,pièce(s),90.0,g
"64073c9b683721c9a32b07ef",Saumon fumé à chaud,pièce(s),90.0,g
"6405bfdbb0da1947779863e1",Saumon fumé à froid,pièce(s),90.0,g
"5d725d960dcef10014436f6c",Schnitzel de poisson,pièce(s),150.0,g
"5af2be3aae08b5194415a215",Steak de poulet épicé,pièce(s),150.0,g
"5c8bcdf0c445fa62b21ba032",Steak haché de bœuf,pièce(s),150.0,g
"6405c00bb0da194777986482",Steak haché de bœuf,pièce(s),150.0,g
"5c950d89c445fa289a180ac2",Steak haché de bœuf et de porc,pièce(s),160.0,g
"6405c021b0da1947779864d6",Steak haché de bœuf et de porc,pièce(s),160.0,g
"5e78c7ef6b3c8459df5b14ba",Steak végétal,pièce(s),100.0,g
"6503196932e9107c6db91d95",Steak végétal,pièce(s),100.0,g
"5ea812d7cf958e23e4660867",Sucrine,pièce(s),150.0,g
"6405bfaeaf4af6d531d50c81",Sucrine,pièce(s),150.0,g
"6405bfb4af4af6d531d50c9a",Suprême de pintade,pièce(s),250.0,g
"5b1a8f71ae08b541163beaf2",Tabasco,pièce(s),20.0,ml
"5af2be95ae08b5194415a36c",Tacos,pièce(s),50.0,g
"64073be9df6297bb5beef155",Tofu nature BIO,pièce(s),200.0,g
"6405bf95af4af6d531d50c21",Tofu nature BIO,pièce(s),200.0,g
"6405bff3b0da194777986433",Tomate,pièce(s),100.0,g
"5af2be50ae08b5194415a267",Tomate,pièce(s),100.0,g
"6405bf31b0da1947779861a1",Tomate allongée,pièce(s),80.0,g
"5c9e3f03c445fa5e1e745da4",Tomate allongée,pièce(s),80.0,g
"5ea2c2320eb83314933e5bca",Tomate aumônière,pièce(s),100.0,g
"6405bfafb0da194777986351",Tomate aumônière,pièce(s),100.0,g
"5cfa73a8d8a8710016415ac4",Tomates cerises en conserve,pièce(s),400.0,g
"5af2be5aae08b5194415a28b",Tomates cerises rouges,pièce(s),20.0,g
"5ca75c9ae3f33926060c1fc2",Tomates concassées,pièce(s),400.0,g
"6405bf51b0da19477798620c",Tomates concassées à l'ail et à l'oignon,pièce(s),400.0,g
"5bdc60d1ae08b57bc5462dd2",Tomates concassées au basilic,pièce(s),400.0,g
"64073be19c6d10cd16eab65e",Tortilla à la carotte No Fairytales,pièce(s),80.0,g
"6405bf92b0da1947779862f3",Tortillas,pièce(s),50.0,g
"64073ba6683721c9a32b0732",Tortillas,pièce(s),50.0,g
"5af2c151ae08b51b804e58ba",Tortillas,pièce(s),50.0,g
"649463052417a80cb660ba9e",Tortillas,pièce(s),50.0,g
"6405bf27af4af6d531d50a81",Tortillas,pièce(s),50.0,g
"6405c01cb0da1947779864c4",Tortillas à tacos,pièce(s),50.0,g
"64073bad683721c9a32b0741",Tortillas au blé complet,pièce(s),50.0,g
"6405bf32b0da1947779861a5",Tortillas au blé complet,pièce(s),50.0,g
"5b3f799a30006c34c902bf82",Tranches de carré de porc,pièce(s),200.0,g
"640afb09cda96bb6528b8fc3",Tranches de carré de porc,pièce(s),200.0,g
"5d19d6fafca63a001731e4b1",Tranches de poitrine fumée,pièce(s),30.0,g
"5d03aab9e6881d000d696ab7",Travers de porc précuits aux herbes épicées,pièce(s),200.0,g
"5c8bcda2e3f339735c318343",Viande hachée de bœuf et de porc,pièce(s),200.0,g
"5c950d88c445fa28f67f6be4",Vol-au-vent,pièce(s),100.0,g
"5ba8a96830006c3bf2202e42",Yaourt au lait de bufflonne,pièce(s),150.0,g
"5af2be4bae08b5194415a257",Yaourt entier,pièce(s),150.0,g
"6405bfeab0da194777986413",Flocons de chili,pincée(s),5.0,g
"5af2be53ae08b5194415a273",Noix de muscade,pincée(s),5.0,g
"6405bfb6b9d07cd5d38d7ba3",Noix de muscade,pincée(s),1.0,g
"64073bd39c6d10cd16eab653",Beurre de cacahuètes,pot(s),30.0,g
"5cb44984c445fa72e10f4ba2",Câpres et dés de cornichons,pot(s),50.0,g
"6405bfefb9d07cd5d38d7c59",Concentré de tomates,pot(s),140.0,g
"64073e6f683721c9a32b088d",Confiture de figues,pot(s),30.0,g
"64132d2d6b23cefedf01c8cf",Confiture de fraises,pot(s),30.0,g
"64073bc1683721c9a32b0757",Confiture de fraises,pot(s),30.0,g
"64073ba5683721c9a32b0730",Crème épaisse,pot(s),200.0,g
"6405bfceb9d07cd5d38d7bea",Dip d'avocat,pot(s),100.0,g
"6461e0c1d8259131b372d903",Fromage blanc,pot(s),150.0,g
"6405bf1faf4af6d531d50a5e",Fromage blanc,pot(s),150.0,g
"5c9e3f05c445fa5e430ba4a2",Maïs en conserve,pot(s),200.0,g
"5b1681b5ae08b5730d55ed62",Miel,pot(s),50.0,g
"64073bcb683721c9a32b0769",Miel de fleurs,pot(s),50.0,g
"64073bad9c6d10cd16eab61e",Ricotta,pot(s),150.0,g
"64073ba8df6297bb5beef100",Yaourt à la grecque,pot(s),150.0,g
"6405bf60b0da194777986235",Ail des ours,sachet(s),15.0,g
"64073ba7df6297bb5beef0f8",Amandes effilées,sachet(s),30.0,g
"646388c36ced9aa0d6353bc6",Amandes entières grillées non salées,sachet(s),30.0,g
"6405bf84b0da1947779862b9",Aneth,sachet(s),20.0,g
"6405bf22af4af6d531d50a6e",Aneth et ciboulette,sachet(s),20.0,g
"6405bf51b0da19477798620b",Aneth et persil plat,sachet(s),20.0,g
"6405bf95af4af6d531d50c1e",Baharat,sachet(s),10.0,g
"6405bff4b0da194777986437",Basilic,sachet(s),20.0,g
"64d2428ab199bd79fa716c69",Broccolini,sachet(s),200.0,g
"64073bb6df6297bb5beef10e",Cacahuètes non salées,sachet(s),50.0,g
"5c8bcda5e3f33973013052b2",Cannelle en poudre,sachet(s),10.0,g
"5af2bdffae08b5194415a13e",Cardamome moulue,sachet(s),10.0,g
"6405bffbb9d07cd5d38d7c85",Carotte râpée,sachet(s),150.0,g
"6405bf35af4af6d531d50ab9",Cerfeuil,sachet(s),20.0,g
"6405bf3caf4af6d531d50ad3",Ciboulette,sachet(s),20.0,g
"6405bf5daf4af6d531d50b71",Citronnelle moulue,sachet(s),40.0,g
"6405bf35af4af6d531d50ab8",Coriandre,sachet(s),20.0,g
"6405bf71b0da194777986281",Coriandre et basilic thaï,sachet(s),20.0,g
"6405bf45b9d07cd5d38d7a09",Coriandre et menthe,sachet(s),20.0,g
"5c8bcdace3f339730507bc43",Coriandre moulue,sachet(s),10.0,g
"6405bfc0b0da194777986389",Coriandre moulue,sachet(s),10.0,g
"6405bf7daf4af6d531d50bdd",Cumin en poudre,sachet(s),10.0,g
"6405bf8bb9d07cd5d38d7b0d",Curcuma en poudre,sachet(s),10.0,g
"64073bb59c6d10cd16eab62e",Curry en poudre,sachet(s),10.0,g
"5af2c14aae08b51b804e58ab",Curry en poudre,sachet(s),10.0,g
"6405bf29af4af6d531d50a90",Curry jaune,sachet(s),10.0,g
"6405bf7aaf4af6d531d50bd6",Curry rouge,sachet(s),10.0,g
"6405c013b0da19477798649e",Curry vert,sachet(s),10.0,g
"6405bfa5af4af6d531d50c60",Épices italiennes,sachet(s),10.0,g
"5c8bcda9e3f339735561c2c4",Épices mexicaines,sachet(s),10.0,g
"6405bfd0b0da1947779863c0",Épices mexicaines,sachet(s),10.0,g
"6405bf3aaf4af6d531d50acf",Épinards,sachet(s),150.0,g
"6405bfd8b0da1947779863d8",Estragon,sachet(s),20.0,g
"6405bfd2af4af6d531d50cf8",Fenouil moulu,sachet(s),10.0,g
"6405bfa3b0da194777986329",Galanga,sachet(s),10.0,g
"6405bff9b0da19477798644a",Garam masala,sachet(s),50.0,g
"64073bb4df6297bb5beef10c",Gomasio,sachet(s),10.0,g
"64073c3edf6297bb5beef1a0",Gomasio aux herbes de Provence,sachet(s),10.0,g
"64073c8a9c6d10cd16eab6da",Graines de moutarde,sachet(s),10.0,g
"64073c8b9c6d10cd16eab6db",Graines de sésame noir,sachet(s),10.0,g
"64073c61683721c9a32b07da",Graines de tournesol,sachet(s),20.0,g
"5af2be1fae08b5194415a1b7",Haricots en boîte,sachet(s),400.0,g
"5bc449da30006c640941a2a3",Haricots noirs HAK,sachet(s),400.0,g
"64396863c26f2e77c4a9e545",Herbes de Provence,sachet(s),20.0,g
"5b0bb2bd30006c47d2648ac3",Lentilles HAK,sachet(s),150.0,g
"6405bf48b0da1947779861eb",Mélange d'épices africaines,sachet(s),10.0,g
"6462c7fd6ced9aa0d6353b2f",Mélange d'épices africaines,sachet(s),10.0,g
"64073d89df6297bb5beef234",Mélange d’épices coréennes,sachet(s),10.0,g
"6405c017b0da1947779864a9",Mélange d'épices du Moyen-Orient,sachet(s),10.0,g
"6405bf26b9d07cd5d38d7996",Mélange d'épices péruviennes,sachet(s),10.0,g
"6462c7f88c393b044d7447ca",Mélange d'épices pour BBQ,sachet(s),10.0,g
"6405bf7db9d07cd5d38d7adc",Mélange d'épices pour BBQ,sachet(s),10.0,g
"6405bf64b9d07cd5d38d7a81",Mélange d’épices siciliennes,sachet(s),10.0,g
"6405bf49b0da1947779861ed","Mélange de carotte, chou rouge et blanc",sachet(s),200.0,g
"6405bfadb9d07cd5d38d7b8a",Menthe,sachet(s),20.0,g
"64073bcb683721c9a32b0768",Noisettes,sachet(s),50.0,g
"641855d6fd99775f18f75ce1",Noisettes grillées,sachet(s),50.0,g
"645bc3d0a116286892337383",Noix concassées,sachet(s),50.0,g
"64535d80572079217b737d07",Noix concassées,sachet(s),50.0,g
"64073bb59c6d10cd16eab62c",Noix de cajou concassées,sachet(s),50.0,g
"64073bb59c6d10cd16eab62d",Noix de coco râpée,sachet(s),50.0,g
"5af2be5fae08b5194415a29e",Noix de coco râpée,sachet(s),50.0,g
"64073ba69c6d10cd16eab617",Noix de pécan concassées,sachet(s),50.0,g
"6405bfb7b9d07cd5d38d7ba8",Origan,sachet(s),20.0,g
"6405bff0af4af6d531d50d4b",Origan séché,sachet(s),10.0,g
"6462c7f58c393b044d7447c9",Paprika en poudre,sachet(s),10.0,g
"6405c00cb0da194777986485",Paprika fumé en poudre,sachet(s),10.0,g
"6405bfe7b0da19477798640d",Pâte épicée balinaise,sachet(s),30.0,g
"5d53d97c0f071b00083c90aa",Pâte épicée javanaise,sachet(s),30.0,g
"64a362b4d1915b06b70acce4",Pâte épicée javanaise,sachet(s),30.0,g
"64073c3f683721c9a32b07c2",Pâte épicée javanaise,sachet(s),30.0,g
"6405bfbab9d07cd5d38d7bae",Persil,sachet(s),20.0,g
"6405bf95b0da1947779862f8",Persil,sachet(s),20.0,g
"6405bfd7b0da1947779863d6",Persil plat et basilic,sachet(s),20.0,g
"6405bfa4b0da19477798632c",Persil plat et ciboulette,sachet(s),20.0,g
"6405bfecb9d07cd5d38d7c51",Persil plat et menthe,sachet(s),20.0,g
"5af2c158ae08b51b804e58cf",Petits haricots Kidneys rouges HAK,sachet(s),300.0,g
"6405bf28b0da194777986183",Piri-piri,sachet(s),30.0,g
"64073be7df6297bb5beef152",Pistaches décortiquées,sachet(s),40.0,g
"5af2be69ae08b5194415a2c5",Poireau,sachet(s),500.0,g
"6405bf7cb0da1947779862a5",Purée de gingembre,sachet(s),30.0,g
"6405bf66af4af6d531d50b8f",Quatre épices,sachet(s),10.0,g
"6405bf1daf4af6d531d50a57",Ras el-hanout,sachet(s),10.0,g
"6405bf29b9d07cd5d38d799d",Romarin séché,sachet(s),10.0,g
"6405bf36b0da1947779861b1",Salade,sachet(s),100.0,g
"6405c008b0da19477798647b",Sauce au chili sucrée et épicée,sachet(s),50.0,g
"6405bfdbb0da1947779863df",Sauge,sachet(s),20.0,g
"6405bf48b9d07cd5d38d7a14",Thym séché,sachet(s),10.0,g
"64073d9d9c6d10cd16eab758",Vadouvan,sachet(s),50.0,g
"64073c63df6297bb5beef1b0",Vinaigrette de pesto,sachet(s),50.0,g
"5e578a0a7c09dc3b6b1d3304",Vinaigrette de pesto,sachet(s),50.0,g
"64073bf2683721c9a32b078e",Zaatar,sachet(s),10.0,g
"5cb44984c445fa72e10f4ba2",Câpres et dés de cornichons,sac(s),50.0,g
"5af2bdecae08b5194415a0f0",Crème fraîche,sac(s),200.0,g
"5af2be2dae08b5194415a1e5",Cresson de roquette,sac(s),100.0,g
"5af2be5fae08b5194415a29d",Chou chinois,tête(s),500.0,g
"5dde798296ae8413041df142",Ciboulette,tête(s),20.0,g
"6405bff2b0da19477798642e",Laitue,tête(s),150.0,g
"5af2be65ae08b5194415a2b4",Laitue,tête(s),150.0,g
"6405bf85b0da1947779862c2",Lollo bionda,tête(s),150.0,g
"6405bf6ab9d07cd5d38d7a95",Mini laitue romaine,tête(s),100.0,g
"5af2bde6ae08b5194415a0d3",Salade iceberg,tête(s),100.0,g
"6405bfe7af4af6d531d50d31",Salade romaine,tête(s),100.0,g
"5af2bde2ae08b5194415a0ca",Salade romaine,tête(s),100.0,g
"5ea812d7cf958e23e4660867",Sucrine,tête(s),150.0,g
"64073bcb9c6d10cd16eab644",Céleri-branche,tige(s),40.0,g
"5dde798296ae8413041df142",Ciboulette,tige(s),1.0,g
"64d0f4dc317ec2bf51927577",Biscotte multicéréales,tranche(s),15.0,g
"6438256b184668ed677d9e31",Coppa di Parma,tranche(s),30.0,g
"6405bf9caf4af6d531d50c45",Jambon blanc,tranche(s),30.0,g
"5af2be27ae08b5194415a1d5",Jambon blanc fumé,tranche(s),30.0,g
"642553472e8f18047b34f223",Jambon sec,tranche(s),30.0,g
"5af2be9dae08b5194415a386",Lard,tranche(s),30.0,g
"5b0bb2b730006c47d07bd8b3",Old Amsterdam,tranche(s),30.0,g
"5d3f1563265a5e0009517285",Pain d'épices BIO,tranche(s),40.0,g
"64073bc89c6d10cd16eab641",Pain de campagne tranché,tranche(s),40.0,g
"64995662461c4ddf32309847",Sauce asiatique sucrée,sachet(s),50.0,ml
"5af2be52ae08b5194415a26d",Sauce soja,sachet(s),50.0,ml
"64073db1df6297bb5beef242",Sauce vietnamienne,sachet(s),50.0,ml
"648906150635a1e9befbb439",Pain de mie,tranche(s),30.0,g
"64073beb683721c9a32b0781",Pain de mie,tranche(s),30.0,g
"6405bf4ab9d07cd5d38d7a1f",Pain de mie,tranche(s),30.0,g
"6405bf26af4af6d531d50a7f",Tranches de poitrine fumée,tranche(s),30.0,g
"5af2be05ae08b5194415a15c",Beurre de cacahuètes,tube(s),30.0,g
"64073bd39c6d10cd16eab653",Beurre de cacahuètes,tube(s),30.0,g
"5cb44984c445fa72e10f4ba2",Câpres et dés de cornichons,tube(s),50.0,g
"5c8bcda5e3f33973013052b4",Concentré de tomates,tube(s),140.0,g
"5beeea4130006c19492ac425",Crème de basilic,tube(s),50.0,g
"5af2be2dae08b5194415a1e5",Cresson de roquette,tube(s),50.0,g
"5af2be5dae08b5194415a296",Mélange de jeunes pousses,tube(s),10.0,g
"5af2bde6ae08b5194415a0d3",Salade iceberg,tube(s),100.0,g
"5af2bde2ae08b5194415a0ca",Salade romaine,tube(s),100.0,g
